,time,status,soc,zone,plate
0,2023-01-01 00:00:00+00:00,available,91.0,0,0
1,2023-01-01 00:00:36.945064+00:00,booked,91.0,0,0
2,2023-01-01 00:50:36.945064+00:00,available,81.0,1,0
3,2023-01-01 01:01:04.885709+00:00,booked,81.0,1,0
4,2023-01-01 01:51:04.885709+00:00,available,71.0,2,0
5,2023-01-01 03:00:41.316592+00:00,booked,71.0,2,0
6,2023-01-01 03:50:41.316592+00:00,available,61.0,3,0
7,2023-01-01 04:01:02.577838+00:00,booked,61.0,3,0
8,2023-01-01 04:51:02.577838+00:00,available,51.0,0,0
9,2023-01-01 05:00:37.452028+00:00,booked,51.0,0,0
10,2023-01-01 05:50:37.452028+00:00,available,41.0,1,0
11,2023-01-01 05:50:37.452028+00:00,charging,85.0,4,0
12,2023-01-01 06:23:57.452028+00:00,available,100.0,4,0
13,2023-01-01 07:01:08.339074+00:00,booked,100.0,4,0
14,2023-01-01 07:51:08.339074+00:00,available,90.0,2,0
15,2023-01-01 08:01:03.702622+00:00,booked,90.0,2,0
16,2023-01-01 08:51:03.702622+00:00,available,80.0,3,0
17,2023-01-01 09:00:19.542641+00:00,booked,80.0,3,0
18,2023-01-01 09:50:19.542641+00:00,available,70.0,0,0
19,2023-01-01 11:00:24.910166+00:00,booked,70.0,0,0
20,2023-01-01 11:50:24.910166+00:00,available,60.0,1,0
21,2023-01-01 12:00:20.958009+00:00,booked,60.0,1,0
22,2023-01-01 12:50:20.958009+00:00,available,50.0,2,0
23,2023-01-01 13:00:44.572060+00:00,booked,50.0,2,0
24,2023-01-01 13:50:44.572060+00:00,available,40.0,3,0
25,2023-01-01 13:50:44.572060+00:00,charging,95.0,4,0
26,2023-01-01 14:24:04.572060+00:00,available,100.0,4,0
27,2023-01-01 15:00:55.030058+00:00,booked,100.0,4,0
28,2023-01-01 15:50:55.030058+00:00,available,90.0,0,0
29,2023-01-01 16:01:33.343536+00:00,booked,90.0,0,0
30,2023-01-01 16:51:33.343536+00:00,available,80.0,1,0
31,2023-01-01 17:01:43.551816+00:00,booked,80.0,1,0
32,2023-01-01 17:51:43.551816+00:00,available,70.0,2,0
33,2023-01-01 19:01:30.850095+00:00,booked,70.0,2,0
34,2023-01-01 19:51:30.850095+00:00,available,60.0,3,0
35,2023-01-01 20:01:09.789700+00:00,booked,60.0,3,0
36,2023-01-01 20:51:09.789700+00:00,available,50.0,0,0
37,2023-01-01 21:00:16.625546+00:00,booked,50.0,0,0
38,2023-01-01 21:50:16.625546+00:00,available,40.0,1,0
39,2023-01-01 21:50:16.625546+00:00,charging,85.0,4,0
40,2023-01-01 22:23:36.625546+00:00,available,100.0,4,0
41,2023-01-01 23:00:53.172707+00:00,booked,100.0,4,0
42,2023-01-01 23:50:53.172707+00:00,available,90.0,2,0
43,2023-01-02 00:01:48.148310+00:00,booked,90.0,2,0
44,2023-01-02 00:51:48.148310+00:00,available,80.0,3,0
45,2023-01-02 01:01:09.593247+00:00,booked,80.0,3,0
46,2023-01-02 01:51:09.593247+00:00,available,70.0,0,0
47,2023-01-02 03:00:34.998275+00:00,booked,70.0,0,0
48,2023-01-02 03:50:34.998275+00:00,available,60.0,1,0
49,2023-01-02 04:01:00.506315+00:00,booked,60.0,1,0
50,2023-01-02 04:51:00.506315+00:00,available,50.0,2,0
51,2023-01-02 05:00:22.935708+00:00,booked,50.0,2,0
52,2023-01-02 05:50:22.935708+00:00,available,40.0,3,0
53,2023-01-02 05:50:22.935708+00:00,charging,95.0,4,0
54,2023-01-02 06:23:42.935708+00:00,available,100.0,4,0
55,2023-01-02 07:01:10.453095+00:00,booked,100.0,4,0
56,2023-01-02 07:51:10.453095+00:00,available,90.0,0,0
57,2023-01-02 08:01:16.174158+00:00,booked,90.0,0,0
58,2023-01-02 08:51:16.174158+00:00,available,80.0,1,0
59,2023-01-02 09:01:01.670889+00:00,booked,80.0,1,0
60,2023-01-02 09:51:01.670889+00:00,available,70.0,2,0
61,2023-01-02 11:01:26.672813+00:00,booked,70.0,2,0
62,2023-01-02 11:51:26.672813+00:00,available,60.0,3,0
63,2023-01-02 12:01:15.384019+00:00,booked,60.0,3,0
64,2023-01-02 12:51:15.384019+00:00,available,50.0,0,0
65,2023-01-02 13:00:56.401086+00:00,booked,50.0,0,0
66,2023-01-02 13:50:56.401086+00:00,available,40.0,1,0
67,2023-01-02 13:50:56.401086+00:00,charging,85.0,4,0
68,2023-01-02 14:24:16.401086+00:00,available,100.0,4,0
69,2023-01-02 15:00:50.102470+00:00,booked,100.0,4,0
70,2023-01-02 15:50:50.102470+00:00,available,90.0,2,0
71,2023-01-02 16:01:21.155572+00:00,booked,90.0,2,0
72,2023-01-02 16:51:21.155572+00:00,available,80.0,3,0
73,2023-01-02 17:00:54.360732+00:00,booked,80.0,3,0
74,2023-01-02 17:50:54.360732+00:00,available,70.0,0,0
75,2023-01-02 19:00:55.646261+00:00,booked,70.0,0,0
76,2023-01-02 19:50:55.646261+00:00,available,60.0,1,0
77,2023-01-02 20:01:06.282829+00:00,booked,60.0,1,0
78,2023-01-02 20:51:06.282829+00:00,available,50.0,2,0
79,2023-01-02 21:01:09.032581+00:00,booked,50.0,2,0
80,2023-01-02 21:51:09.032581+00:00,available,40.0,3,0
81,2023-01-02 21:51:09.032581+00:00,charging,95.0,4,0
82,2023-01-02 22:24:29.032581+00:00,available,100.0,4,0
83,2023-01-02 23:01:15.655542+00:00,booked,100.0,4,0
84,2023-01-02 23:51:15.655542+00:00,available,90.0,0,0
85,2023-01-03 00:00:53.642396+00:00,booked,90.0,0,0
86,2023-01-03 00:50:53.642396+00:00,available,80.0,1,0
87,2023-01-03 01:00:56.502733+00:00,booked,80.0,1,0
88,2023-01-03 01:50:56.502733+00:00,available,70.0,2,0
89,2023-01-03 03:01:44.892986+00:00,booked,70.0,2,0
90,2023-01-03 03:51:44.892986+00:00,available,60.0,3,0
91,2023-01-03 04:01:21.497175+00:00,booked,60.0,3,0
92,2023-01-03 04:51:21.497175+00:00,available,50.0,0,0
93,2023-01-03 05:00:42.965062+00:00,booked,50.0,0,0
94,2023-01-03 05:50:42.965062+00:00,available,40.0,1,0
95,2023-01-03 05:50:42.965062+00:00,charging,85.0,4,0
96,2023-01-03 06:24:02.965062+00:00,available,100.0,4,0
97,2023-01-03 07:00:51.588640+00:00,booked,100.0,4,0
98,2023-01-03 07:50:51.588640+00:00,available,90.0,2,0
99,2023-01-03 08:01:25.288517+00:00,booked,90.0,2,0
100,2023-01-03 08:51:25.288517+00:00,available,80.0,3,0
101,2023-01-03 09:01:33.272883+00:00,booked,80.0,3,0
102,2023-01-03 09:51:33.272883+00:00,available,70.0,0,0
103,2023-01-03 11:00:37.598173+00:00,booked,70.0,0,0
104,2023-01-03 11:50:37.598173+00:00,available,60.0,1,0
105,2023-01-03 12:00:33.835071+00:00,booked,60.0,1,0
106,2023-01-03 12:50:33.835071+00:00,available,50.0,2,0
107,2023-01-03 13:00:24.323718+00:00,booked,50.0,2,0
108,2023-01-03 13:50:24.323718+00:00,available,40.0,3,0
109,2023-01-03 13:50:24.323718+00:00,charging,95.0,4,0
110,2023-01-03 14:23:44.323718+00:00,available,100.0,4,0
111,2023-01-03 15:01:14.826210+00:00,booked,100.0,4,0
112,2023-01-03 15:51:14.826210+00:00,available,90.0,0,0
113,2023-01-03 16:01:02.449556+00:00,booked,90.0,0,0
114,2023-01-03 16:51:02.449556+00:00,available,80.0,1,0
115,2023-01-03 17:00:11.485491+00:00,booked,80.0,1,0
116,2023-01-03 17:50:11.485491+00:00,available,70.0,2,0
117,2023-01-03 19:01:09.291807+00:00,booked,70.0,2,0
118,2023-01-03 19:51:09.291807+00:00,available,60.0,3,0
119,2023-01-03 20:01:20.187408+00:00,booked,60.0,3,0
120,2023-01-03 20:51:20.187408+00:00,available,50.0,0,0
121,2023-01-03 21:00:32.861888+00:00,booked,50.0,0,0
122,2023-01-03 21:50:32.861888+00:00,available,40.0,1,0
123,2023-01-03 21:50:32.861888+00:00,charging,85.0,4,0
124,2023-01-03 22:23:52.861888+00:00,available,100.0,4,0
125,2023-01-03 23:00:12.073967+00:00,booked,100.0,4,0
126,2023-01-03 23:50:12.073967+00:00,available,90.0,2,0
127,2023-01-04 00:01:07.593405+00:00,booked,90.0,2,0
128,2023-01-04 00:51:07.593405+00:00,available,80.0,3,0
129,2023-01-04 01:00:32.093930+00:00,booked,80.0,3,0
130,2023-01-04 01:50:32.093930+00:00,available,70.0,0,0
131,2023-01-04 03:01:08.834804+00:00,booked,70.0,0,0
132,2023-01-04 03:51:08.834804+00:00,available,60.0,1,0
133,2023-01-04 04:01:12.954414+00:00,booked,60.0,1,0
134,2023-01-04 04:51:12.954414+00:00,available,50.0,2,0
135,2023-01-04 05:01:13.948723+00:00,booked,50.0,2,0
136,2023-01-04 05:51:13.948723+00:00,available,40.0,3,0
137,2023-01-04 05:51:13.948723+00:00,charging,95.0,4,0
138,2023-01-04 06:24:33.948723+00:00,available,100.0,4,0
139,2023-01-04 07:01:11.122424+00:00,booked,100.0,4,0
140,2023-01-04 07:51:11.122424+00:00,available,90.0,0,0
141,2023-01-04 08:00:28.013756+00:00,booked,90.0,0,0
142,2023-01-04 08:50:28.013756+00:00,available,80.0,1,0
143,2023-01-04 09:00:09.280225+00:00,booked,80.0,1,0
144,2023-01-04 09:50:09.280225+00:00,available,70.0,2,0
145,2023-01-04 11:01:18.724578+00:00,booked,70.0,2,0
146,2023-01-04 11:51:18.724578+00:00,available,60.0,3,0
147,2023-01-04 12:00:39.074062+00:00,booked,60.0,3,0
148,2023-01-04 12:50:39.074062+00:00,available,50.0,0,0
149,2023-01-04 13:00:15.543525+00:00,booked,50.0,0,0
150,2023-01-04 13:50:15.543525+00:00,available,40.0,1,0
151,2023-01-04 13:50:15.543525+00:00,charging,85.0,4,0
152,2023-01-04 14:23:35.543525+00:00,available,100.0,4,0
153,2023-01-04 15:01:01.140797+00:00,booked,100.0,4,0
154,2023-01-04 15:51:01.140797+00:00,available,90.0,2,0
155,2023-01-04 16:01:01.934523+00:00,booked,90.0,2,0
156,2023-01-04 16:51:01.934523+00:00,available,80.0,3,0
157,2023-01-04 17:00:24.727146+00:00,booked,80.0,3,0
158,2023-01-04 17:50:24.727146+00:00,available,70.0,0,0
159,2023-01-04 19:00:59.485046+00:00,booked,70.0,0,0
160,2023-01-04 19:50:59.485046+00:00,available,60.0,1,0
161,2023-01-04 20:01:21.013499+00:00,booked,60.0,1,0
162,2023-01-04 20:51:21.013499+00:00,available,50.0,2,0
163,2023-01-04 21:01:19.234003+00:00,booked,50.0,2,0
164,2023-01-04 21:51:19.234003+00:00,available,40.0,3,0
165,2023-01-04 21:51:19.234003+00:00,charging,95.0,4,0
166,2023-01-04 22:24:39.234003+00:00,available,100.0,4,0
167,2023-01-04 23:00:43.724183+00:00,booked,100.0,4,0
168,2023-01-04 23:50:43.724183+00:00,available,90.0,0,0
169,2023-01-05 00:01:51.096670+00:00,booked,90.0,0,0
170,2023-01-05 00:51:51.096670+00:00,available,80.0,1,0
171,2023-01-05 01:01:48.752666+00:00,booked,80.0,1,0
172,2023-01-05 01:51:48.752666+00:00,available,70.0,2,0
173,2023-01-05 03:01:20.492084+00:00,booked,70.0,2,0
174,2023-01-05 03:51:20.492084+00:00,available,60.0,3,0
175,2023-01-05 04:01:09.421401+00:00,booked,60.0,3,0
176,2023-01-05 04:51:09.421401+00:00,available,50.0,0,0
177,2023-01-05 05:00:19.931512+00:00,booked,50.0,0,0
178,2023-01-05 05:50:19.931512+00:00,available,40.0,1,0
179,2023-01-05 05:50:19.931512+00:00,charging,85.0,4,0
180,2023-01-05 06:23:39.931512+00:00,available,100.0,4,0
181,2023-01-05 07:01:41.919274+00:00,booked,100.0,4,0
182,2023-01-05 07:51:41.919274+00:00,available,90.0,2,0
183,2023-01-05 08:01:29.728582+00:00,booked,90.0,2,0
184,2023-01-05 08:51:29.728582+00:00,available,80.0,3,0
185,2023-01-05 09:01:12.747007+00:00,booked,80.0,3,0
186,2023-01-05 09:51:12.747007+00:00,available,70.0,0,0
187,2023-01-05 11:01:04.908643+00:00,booked,70.0,0,0
188,2023-01-05 11:51:04.908643+00:00,available,60.0,1,0
189,2023-01-05 12:00:24.910747+00:00,booked,60.0,1,0
190,2023-01-05 12:50:24.910747+00:00,available,50.0,2,0
191,2023-01-05 13:01:00.325397+00:00,booked,50.0,2,0
192,2023-01-05 13:51:00.325397+00:00,available,40.0,3,0
193,2023-01-05 13:51:00.325397+00:00,charging,95.0,4,0
194,2023-01-05 14:24:20.325397+00:00,available,100.0,4,0
195,2023-01-05 15:00:56.180700+00:00,booked,100.0,4,0
196,2023-01-05 15:50:56.180700+00:00,available,90.0,0,0
197,2023-01-05 16:01:31.414830+00:00,booked,90.0,0,0
198,2023-01-05 16:51:31.414830+00:00,available,80.0,1,0
199,2023-01-05 17:00:55.277755+00:00,booked,80.0,1,0
200,2023-01-05 17:50:55.277755+00:00,available,70.0,2,0
201,2023-01-05 19:00:58.708211+00:00,booked,70.0,2,0
202,2023-01-05 19:50:58.708211+00:00,available,60.0,3,0
203,2023-01-05 20:00:43.427081+00:00,booked,60.0,3,0
204,2023-01-05 20:50:43.427081+00:00,available,50.0,0,0
205,2023-01-05 21:00:27.802761+00:00,booked,50.0,0,0
206,2023-01-05 21:50:27.802761+00:00,available,40.0,1,0
207,2023-01-05 21:50:27.802761+00:00,charging,85.0,4,0
208,2023-01-05 22:23:47.802761+00:00,available,100.0,4,0
209,2023-01-05 23:01:04.862560+00:00,booked,100.0,4,0
210,2023-01-05 23:51:04.862560+00:00,available,90.0,2,0
211,2023-01-01 00:00:00+00:00,available,55.0,1,1
212,2023-01-01 00:00:24.232994+00:00,booked,55.0,1,1
213,2023-01-01 00:50:24.232994+00:00,available,45.0,2,1
214,2023-01-01 00:50:24.232994+00:00,charging,90.0,4,1
215,2023-01-01 01:23:44.232994+00:00,available,100.0,4,1
216,2023-01-01 02:01:27.643744+00:00,booked,100.0,4,1
217,2023-01-01 02:51:27.643744+00:00,available,90.0,3,1
218,2023-01-01 03:01:00.170503+00:00,booked,90.0,3,1
219,2023-01-01 03:51:00.170503+00:00,available,80.0,0,1
220,2023-01-01 04:01:03.237980+00:00,booked,80.0,0,1
221,2023-01-01 04:51:03.237980+00:00,available,70.0,1,1
222,2023-01-01 05:00:13.628141+00:00,booked,70.0,1,1
223,2023-01-01 05:50:13.628141+00:00,available,60.0,2,1
224,2023-01-01 07:00:41.385602+00:00,booked,60.0,2,1
225,2023-01-01 07:50:41.385602+00:00,available,50.0,3,1
226,2023-01-01 08:01:10.033818+00:00,booked,50.0,3,1
227,2023-01-01 08:51:10.033818+00:00,available,40.0,0,1
228,2023-01-01 08:51:10.033818+00:00,charging,80.0,4,1
229,2023-01-01 09:24:30.033818+00:00,available,100.0,4,1
230,2023-01-01 10:00:38.886045+00:00,booked,100.0,4,1
231,2023-01-01 10:50:38.886045+00:00,available,90.0,1,1
232,2023-01-01 11:01:01.820078+00:00,booked,90.0,1,1
233,2023-01-01 11:51:01.820078+00:00,available,80.0,2,1
234,2023-01-01 12:00:27.721334+00:00,booked,80.0,2,1
235,2023-01-01 12:50:27.721334+00:00,available,70.0,3,1
236,2023-01-01 13:01:22.494814+00:00,booked,70.0,3,1
237,2023-01-01 13:51:22.494814+00:00,available,60.0,0,1
238,2023-01-01 15:00:33.089989+00:00,booked,60.0,0,1
239,2023-01-01 15:50:33.089989+00:00,available,50.0,1,1
240,2023-01-01 16:01:51.413505+00:00,booked,50.0,1,1
241,2023-01-01 16:51:51.413505+00:00,available,40.0,2,1
242,2023-01-01 16:51:51.413505+00:00,charging,90.0,4,1
243,2023-01-01 17:25:11.413505+00:00,available,100.0,4,1
244,2023-01-01 18:01:14.018121+00:00,booked,100.0,4,1
245,2023-01-01 18:51:14.018121+00:00,available,90.0,3,1
246,2023-01-01 19:00:53.549527+00:00,booked,90.0,3,1
247,2023-01-01 19:50:53.549527+00:00,available,80.0,0,1
248,2023-01-01 20:01:04.366735+00:00,booked,80.0,0,1
249,2023-01-01 20:51:04.366735+00:00,available,70.0,1,1
250,2023-01-01 21:00:31.131460+00:00,booked,70.0,1,1
251,2023-01-01 21:50:31.131460+00:00,available,60.0,2,1
252,2023-01-01 23:00:56.560172+00:00,booked,60.0,2,1
253,2023-01-01 23:50:56.560172+00:00,available,50.0,3,1
254,2023-01-02 00:00:57.581635+00:00,booked,50.0,3,1
255,2023-01-02 00:50:57.581635+00:00,available,40.0,0,1
256,2023-01-02 00:50:57.581635+00:00,charging,80.0,4,1
257,2023-01-02 01:24:17.581635+00:00,available,100.0,4,1
258,2023-01-02 02:01:05.457073+00:00,booked,100.0,4,1
259,2023-01-02 02:51:05.457073+00:00,available,90.0,1,1
260,2023-01-02 03:00:44.540215+00:00,booked,90.0,1,1
261,2023-01-02 03:50:44.540215+00:00,available,80.0,2,1
262,2023-01-02 04:00:53.038481+00:00,booked,80.0,2,1
263,2023-01-02 04:50:53.038481+00:00,available,70.0,3,1
264,2023-01-02 05:00:53.296505+00:00,booked,70.0,3,1
265,2023-01-02 05:50:53.296505+00:00,available,60.0,0,1
266,2023-01-02 07:01:14.380926+00:00,booked,60.0,0,1
267,2023-01-02 07:51:14.380926+00:00,available,50.0,1,1
268,2023-01-02 08:00:59.943087+00:00,booked,50.0,1,1
269,2023-01-02 08:50:59.943087+00:00,available,40.0,2,1
270,2023-01-02 08:50:59.943087+00:00,charging,90.0,4,1
271,2023-01-02 09:24:19.943087+00:00,available,100.0,4,1
272,2023-01-02 10:00:56.932715+00:00,booked,100.0,4,1
273,2023-01-02 10:50:56.932715+00:00,available,90.0,3,1
274,2023-01-02 11:01:30.348574+00:00,booked,90.0,3,1
275,2023-01-02 11:51:30.348574+00:00,available,80.0,0,1
276,2023-01-02 12:01:31.472440+00:00,booked,80.0,0,1
277,2023-01-02 12:51:31.472440+00:00,available,70.0,1,1
278,2023-01-02 13:01:17.262100+00:00,booked,70.0,1,1
279,2023-01-02 13:51:17.262100+00:00,available,60.0,2,1
280,2023-01-02 15:00:07.365156+00:00,booked,60.0,2,1
281,2023-01-02 15:50:07.365156+00:00,available,50.0,3,1
282,2023-01-02 16:01:08.330167+00:00,booked,50.0,3,1
283,2023-01-02 16:51:08.330167+00:00,available,40.0,0,1
284,2023-01-02 16:51:08.330167+00:00,charging,80.0,4,1
285,2023-01-02 17:24:28.330167+00:00,available,100.0,4,1
286,2023-01-02 18:01:12.283155+00:00,booked,100.0,4,1
287,2023-01-02 18:51:12.283155+00:00,available,90.0,1,1
288,2023-01-02 19:00:34.608813+00:00,booked,90.0,1,1
289,2023-01-02 19:50:34.608813+00:00,available,80.0,2,1
290,2023-01-02 20:01:44.338642+00:00,booked,80.0,2,1
291,2023-01-02 20:51:44.338642+00:00,available,70.0,3,1
292,2023-01-02 21:01:08.359457+00:00,booked,70.0,3,1
293,2023-01-02 21:51:08.359457+00:00,available,60.0,0,1
294,2023-01-02 23:00:32.152299+00:00,booked,60.0,0,1
295,2023-01-02 23:50:32.152299+00:00,available,50.0,1,1
296,2023-01-03 00:01:11.688610+00:00,booked,50.0,1,1
297,2023-01-03 00:51:11.688610+00:00,available,40.0,2,1
298,2023-01-03 00:51:11.688610+00:00,charging,90.0,4,1
299,2023-01-03 01:24:31.688610+00:00,available,100.0,4,1
300,2023-01-03 02:01:39.950538+00:00,booked,100.0,4,1
301,2023-01-03 02:51:39.950538+00:00,available,90.0,3,1
302,2023-01-03 03:01:23.180761+00:00,booked,90.0,3,1
303,2023-01-03 03:51:23.180761+00:00,available,80.0,0,1
304,2023-01-03 04:01:04.088616+00:00,booked,80.0,0,1
305,2023-01-03 04:51:04.088616+00:00,available,70.0,1,1
306,2023-01-03 05:00:32.167378+00:00,booked,70.0,1,1
307,2023-01-03 05:50:32.167378+00:00,available,60.0,2,1
308,2023-01-03 07:01:28.924156+00:00,booked,60.0,2,1
309,2023-01-03 07:51:28.924156+00:00,available,50.0,3,1
310,2023-01-03 08:00:47.618656+00:00,booked,50.0,3,1
311,2023-01-03 08:50:47.618656+00:00,available,40.0,0,1
312,2023-01-03 08:50:47.618656+00:00,charging,80.0,4,1
313,2023-01-03 09:24:07.618656+00:00,available,100.0,4,1
314,2023-01-03 10:01:23.894648+00:00,booked,100.0,4,1
315,2023-01-03 10:51:23.894648+00:00,available,90.0,1,1
316,2023-01-03 11:00:47.573243+00:00,booked,90.0,1,1
317,2023-01-03 11:50:47.573243+00:00,available,80.0,2,1
318,2023-01-03 12:01:10.476635+00:00,booked,80.0,2,1
319,2023-01-03 12:51:10.476635+00:00,available,70.0,3,1
320,2023-01-03 13:00:18.775483+00:00,booked,70.0,3,1
321,2023-01-03 13:50:18.775483+00:00,available,60.0,0,1
322,2023-01-03 15:01:06.112278+00:00,booked,60.0,0,1
323,2023-01-03 15:51:06.112278+00:00,available,50.0,1,1
324,2023-01-03 16:01:05.510082+00:00,booked,50.0,1,1
325,2023-01-03 16:51:05.510082+00:00,available,40.0,2,1
326,2023-01-03 16:51:05.510082+00:00,charging,90.0,4,1
327,2023-01-03 17:24:25.510082+00:00,available,100.0,4,1
328,2023-01-03 18:00:56.488027+00:00,booked,100.0,4,1
329,2023-01-03 18:50:56.488027+00:00,available,90.0,3,1
330,2023-01-03 19:01:54.767141+00:00,booked,90.0,3,1
331,2023-01-03 19:51:54.767141+00:00,available,80.0,0,1
332,2023-01-03 20:01:27.934241+00:00,booked,80.0,0,1
333,2023-01-03 20:51:27.934241+00:00,available,70.0,1,1
334,2023-01-03 21:01:02.074729+00:00,booked,70.0,1,1
335,2023-01-03 21:51:02.074729+00:00,available,60.0,2,1
336,2023-01-03 23:00:50.944700+00:00,booked,60.0,2,1
337,2023-01-03 23:50:50.944700+00:00,available,50.0,3,1
338,2023-01-04 00:00:52.388206+00:00,booked,50.0,3,1
339,2023-01-04 00:50:52.388206+00:00,available,40.0,0,1
340,2023-01-04 00:50:52.388206+00:00,charging,80.0,4,1
341,2023-01-04 01:24:12.388206+00:00,available,100.0,4,1
342,2023-01-04 02:00:29.772030+00:00,booked,100.0,4,1
343,2023-01-04 02:50:29.772030+00:00,available,90.0,1,1
344,2023-01-04 03:00:44.713905+00:00,booked,90.0,1,1
345,2023-01-04 03:50:44.713905+00:00,available,80.0,2,1
346,2023-01-04 04:01:07.513311+00:00,booked,80.0,2,1
347,2023-01-04 04:51:07.513311+00:00,available,70.0,3,1
348,2023-01-04 05:00:54.006771+00:00,booked,70.0,3,1
349,2023-01-04 05:50:54.006771+00:00,available,60.0,0,1
350,2023-01-04 07:01:00.048207+00:00,booked,60.0,0,1
351,2023-01-04 07:51:00.048207+00:00,available,50.0,1,1
352,2023-01-04 08:00:46.800622+00:00,booked,50.0,1,1
353,2023-01-04 08:50:46.800622+00:00,available,40.0,2,1
354,2023-01-04 08:50:46.800622+00:00,charging,90.0,4,1
355,2023-01-04 09:24:06.800622+00:00,available,100.0,4,1
356,2023-01-04 10:01:04.265005+00:00,booked,100.0,4,1
357,2023-01-04 10:51:04.265005+00:00,available,90.0,3,1
358,2023-01-04 11:01:18.774820+00:00,booked,90.0,3,1
359,2023-01-04 11:51:18.774820+00:00,available,80.0,0,1
360,2023-01-04 12:01:01.826408+00:00,booked,80.0,0,1
361,2023-01-04 12:51:01.826408+00:00,available,70.0,1,1
362,2023-01-04 13:00:23.963180+00:00,booked,70.0,1,1
363,2023-01-04 13:50:23.963180+00:00,available,60.0,2,1
364,2023-01-04 15:01:44.802319+00:00,booked,60.0,2,1
365,2023-01-04 15:51:44.802319+00:00,available,50.0,3,1
366,2023-01-04 16:01:23.488430+00:00,booked,50.0,3,1
367,2023-01-04 16:51:23.488430+00:00,available,40.0,0,1
368,2023-01-04 16:51:23.488430+00:00,charging,80.0,4,1
369,2023-01-04 17:24:43.488430+00:00,available,100.0,4,1
370,2023-01-04 18:01:31.716088+00:00,booked,100.0,4,1
371,2023-01-04 18:51:31.716088+00:00,available,90.0,1,1
372,2023-01-04 19:00:59.625566+00:00,booked,90.0,1,1
373,2023-01-04 19:50:59.625566+00:00,available,80.0,2,1
374,2023-01-04 20:01:19.952744+00:00,booked,80.0,2,1
375,2023-01-04 20:51:19.952744+00:00,available,70.0,3,1
376,2023-01-04 21:00:54.806550+00:00,booked,70.0,3,1
377,2023-01-04 21:50:54.806550+00:00,available,60.0,0,1
378,2023-01-04 23:00:55.096277+00:00,booked,60.0,0,1
379,2023-01-04 23:50:55.096277+00:00,available,50.0,1,1
380,2023-01-05 00:01:51.477439+00:00,booked,50.0,1,1
381,2023-01-05 00:51:51.477439+00:00,available,40.0,2,1
382,2023-01-05 00:51:51.477439+00:00,charging,90.0,4,1
383,2023-01-05 01:25:11.477439+00:00,available,100.0,4,1
384,2023-01-05 02:01:17.228056+00:00,booked,100.0,4,1
385,2023-01-05 02:51:17.228056+00:00,available,90.0,3,1
386,2023-01-05 03:01:20.443685+00:00,booked,90.0,3,1
387,2023-01-05 03:51:20.443685+00:00,available,80.0,0,1
388,2023-01-05 04:00:55.401034+00:00,booked,80.0,0,1
389,2023-01-05 04:50:55.401034+00:00,available,70.0,1,1
390,2023-01-05 05:00:54.772712+00:00,booked,70.0,1,1
391,2023-01-05 05:50:54.772712+00:00,available,60.0,2,1
392,2023-01-05 07:01:06.202570+00:00,booked,60.0,2,1
393,2023-01-05 07:51:06.202570+00:00,available,50.0,3,1
394,2023-01-05 08:00:59.489297+00:00,booked,50.0,3,1
395,2023-01-05 08:50:59.489297+00:00,available,40.0,0,1
396,2023-01-05 08:50:59.489297+00:00,charging,80.0,4,1
397,2023-01-05 09:24:19.489297+00:00,available,100.0,4,1
398,2023-01-05 10:00:44.026052+00:00,booked,100.0,4,1
399,2023-01-05 10:50:44.026052+00:00,available,90.0,1,1
400,2023-01-05 11:01:15.875615+00:00,booked,90.0,1,1
401,2023-01-05 11:51:15.875615+00:00,available,80.0,2,1
402,2023-01-05 12:00:58.308538+00:00,booked,80.0,2,1
403,2023-01-05 12:50:58.308538+00:00,available,70.0,3,1
404,2023-01-05 13:01:12.680177+00:00,booked,70.0,3,1
405,2023-01-05 13:51:12.680177+00:00,available,60.0,0,1
406,2023-01-05 15:00:41.154344+00:00,booked,60.0,0,1
407,2023-01-05 15:50:41.154344+00:00,available,50.0,1,1
408,2023-01-05 16:01:30.417706+00:00,booked,50.0,1,1
409,2023-01-05 16:51:30.417706+00:00,available,40.0,2,1
410,2023-01-05 16:51:30.417706+00:00,charging,90.0,4,1
411,2023-01-05 17:24:50.417706+00:00,available,100.0,4,1
412,2023-01-05 18:01:30.616989+00:00,booked,100.0,4,1
413,2023-01-05 18:51:30.616989+00:00,available,90.0,3,1
414,2023-01-05 19:01:13.665347+00:00,booked,90.0,3,1
415,2023-01-05 19:51:13.665347+00:00,available,80.0,0,1
416,2023-01-05 20:01:10.672274+00:00,booked,80.0,0,1
417,2023-01-05 20:51:10.672274+00:00,available,70.0,1,1
418,2023-01-05 21:00:43.976038+00:00,booked,70.0,1,1
419,2023-01-05 21:50:43.976038+00:00,available,60.0,2,1
420,2023-01-05 23:00:26.071689+00:00,booked,60.0,2,1
421,2023-01-05 23:50:26.071689+00:00,available,50.0,3,1
422,2023-01-01 00:00:00+00:00,available,87.0,2,2
423,2023-01-01 00:00:25.135284+00:00,booked,87.0,2,2
424,2023-01-01 00:50:25.135284+00:00,available,77.0,3,2
425,2023-01-01 01:00:44.639422+00:00,booked,77.0,3,2
426,2023-01-01 01:50:44.639422+00:00,available,67.0,0,2
427,2023-01-01 02:01:32.106963+00:00,booked,67.0,0,2
428,2023-01-01 02:51:32.106963+00:00,available,57.0,1,2
429,2023-01-01 04:00:26.928620+00:00,booked,57.0,1,2
430,2023-01-01 04:50:26.928620+00:00,available,47.0,2,2
431,2023-01-01 04:50:26.928620+00:00,charging,90.0,4,2
432,2023-01-01 05:23:46.928620+00:00,available,100.0,4,2
433,2023-01-01 06:01:36.910566+00:00,booked,100.0,4,2
434,2023-01-01 06:51:36.910566+00:00,available,90.0,3,2
435,2023-01-01 07:01:19.865211+00:00,booked,90.0,3,2
436,2023-01-01 07:51:19.865211+00:00,available,80.0,0,2
437,2023-01-01 08:00:25.143172+00:00,booked,80.0,0,2
438,2023-01-01 08:50:25.143172+00:00,available,70.0,1,2
439,2023-01-01 09:01:08.815359+00:00,booked,70.0,1,2
440,2023-01-01 09:51:08.815359+00:00,available,60.0,2,2
441,2023-01-01 10:00:18.885692+00:00,booked,60.0,2,2
442,2023-01-01 10:50:18.885692+00:00,available,50.0,3,2
443,2023-01-01 12:00:22.348865+00:00,booked,50.0,3,2
444,2023-01-01 12:50:22.348865+00:00,available,40.0,0,2
445,2023-01-01 12:50:22.348865+00:00,charging,80.0,4,2
446,2023-01-01 13:23:42.348865+00:00,available,100.0,4,2
447,2023-01-01 14:00:24.430424+00:00,booked,100.0,4,2
448,2023-01-01 14:50:24.430424+00:00,available,90.0,1,2
449,2023-01-01 15:00:48.152787+00:00,booked,90.0,1,2
450,2023-01-01 15:50:48.152787+00:00,available,80.0,2,2
451,2023-01-01 16:01:39.520114+00:00,booked,80.0,2,2
452,2023-01-01 16:51:39.520114+00:00,available,70.0,3,2
453,2023-01-01 17:01:03.204825+00:00,booked,70.0,3,2
454,2023-01-01 17:51:03.204825+00:00,available,60.0,0,2
455,2023-01-01 18:01:34.896378+00:00,booked,60.0,0,2
456,2023-01-01 18:51:34.896378+00:00,available,50.0,1,2
457,2023-01-01 20:00:35.245855+00:00,booked,50.0,1,2
458,2023-01-01 20:50:35.245855+00:00,available,40.0,2,2
459,2023-01-01 20:50:35.245855+00:00,charging,90.0,4,2
460,2023-01-01 21:23:55.245855+00:00,available,100.0,4,2
461,2023-01-01 22:01:17.172817+00:00,booked,100.0,4,2
462,2023-01-01 22:51:17.172817+00:00,available,90.0,3,2
463,2023-01-01 23:00:42.497097+00:00,booked,90.0,3,2
464,2023-01-01 23:50:42.497097+00:00,available,80.0,0,2
465,2023-01-02 00:01:37.520841+00:00,booked,80.0,0,2
466,2023-01-02 00:51:37.520841+00:00,available,70.0,1,2
467,2023-01-02 01:00:52.932549+00:00,booked,70.0,1,2
468,2023-01-02 01:50:52.932549+00:00,available,60.0,2,2
469,2023-01-02 02:00:43.792336+00:00,booked,60.0,2,2
470,2023-01-02 02:50:43.792336+00:00,available,50.0,3,2
471,2023-01-02 04:00:28.927279+00:00,booked,50.0,3,2
472,2023-01-02 04:50:28.927279+00:00,available,40.0,0,2
473,2023-01-02 04:50:28.927279+00:00,charging,80.0,4,2
474,2023-01-02 05:23:48.927279+00:00,available,100.0,4,2
475,2023-01-02 06:01:49.509700+00:00,booked,100.0,4,2
476,2023-01-02 06:51:49.509700+00:00,available,90.0,1,2
477,2023-01-02 07:01:48.714495+00:00,booked,90.0,1,2
478,2023-01-02 07:51:48.714495+00:00,available,80.0,2,2
479,2023-01-02 08:01:23.526947+00:00,booked,80.0,2,2
480,2023-01-02 08:51:23.526947+00:00,available,70.0,3,2
481,2023-01-02 09:01:14.106790+00:00,booked,70.0,3,2
482,2023-01-02 09:51:14.106790+00:00,available,60.0,0,2
483,2023-01-02 10:00:43.607428+00:00,booked,60.0,0,2
484,2023-01-02 10:50:43.607428+00:00,available,50.0,1,2
485,2023-01-02 12:00:43.807566+00:00,booked,50.0,1,2
486,2023-01-02 12:50:43.807566+00:00,available,40.0,2,2
487,2023-01-02 12:50:43.807566+00:00,charging,90.0,4,2
488,2023-01-02 13:24:03.807566+00:00,available,100.0,4,2
489,2023-01-02 14:00:51.246312+00:00,booked,100.0,4,2
490,2023-01-02 14:50:51.246312+00:00,available,90.0,3,2
491,2023-01-02 15:00:10.340658+00:00,booked,90.0,3,2
492,2023-01-02 15:50:10.340658+00:00,available,80.0,0,2
493,2023-01-02 16:01:36.445463+00:00,booked,80.0,0,2
494,2023-01-02 16:51:36.445463+00:00,available,70.0,1,2
495,2023-01-02 17:00:53.146850+00:00,booked,70.0,1,2
496,2023-01-02 17:50:53.146850+00:00,available,60.0,2,2
497,2023-01-02 18:01:25.942690+00:00,booked,60.0,2,2
498,2023-01-02 18:51:25.942690+00:00,available,50.0,3,2
499,2023-01-02 20:01:33.082526+00:00,booked,50.0,3,2
500,2023-01-02 20:51:33.082526+00:00,available,40.0,0,2
501,2023-01-02 20:51:33.082526+00:00,charging,80.0,4,2
502,2023-01-02 21:24:53.082526+00:00,available,100.0,4,2
503,2023-01-02 22:00:39.723023+00:00,booked,100.0,4,2
504,2023-01-02 22:50:39.723023+00:00,available,90.0,1,2
505,2023-01-02 23:00:52.415454+00:00,booked,90.0,1,2
506,2023-01-02 23:50:52.415454+00:00,available,80.0,2,2
507,2023-01-03 00:00:26.429709+00:00,booked,80.0,2,2
508,2023-01-03 00:50:26.429709+00:00,available,70.0,3,2
509,2023-01-03 01:00:44.523923+00:00,booked,70.0,3,2
510,2023-01-03 01:50:44.523923+00:00,available,60.0,0,2
511,2023-01-03 02:01:55.727222+00:00,booked,60.0,0,2
512,2023-01-03 02:51:55.727222+00:00,available,50.0,1,2
513,2023-01-03 04:01:10.797156+00:00,booked,50.0,1,2
514,2023-01-03 04:51:10.797156+00:00,available,40.0,2,2
515,2023-01-03 04:51:10.797156+00:00,charging,90.0,4,2
516,2023-01-03 05:24:30.797156+00:00,available,100.0,4,2
517,2023-01-03 06:00:29.622992+00:00,booked,100.0,4,2
518,2023-01-03 06:50:29.622992+00:00,available,90.0,3,2
519,2023-01-03 07:01:22.643634+00:00,booked,90.0,3,2
520,2023-01-03 07:51:22.643634+00:00,available,80.0,0,2
521,2023-01-03 08:01:02.486988+00:00,booked,80.0,0,2
522,2023-01-03 08:51:02.486988+00:00,available,70.0,1,2
523,2023-01-03 09:01:31.296725+00:00,booked,70.0,1,2
524,2023-01-03 09:51:31.296725+00:00,available,60.0,2,2
525,2023-01-03 10:00:52.753975+00:00,booked,60.0,2,2
526,2023-01-03 10:50:52.753975+00:00,available,50.0,3,2
527,2023-01-03 12:00:53.586297+00:00,booked,50.0,3,2
528,2023-01-03 12:50:53.586297+00:00,available,40.0,0,2
529,2023-01-03 12:50:53.586297+00:00,charging,80.0,4,2
530,2023-01-03 13:24:13.586297+00:00,available,100.0,4,2
531,2023-01-03 14:00:59.476098+00:00,booked,100.0,4,2
532,2023-01-03 14:50:59.476098+00:00,available,90.0,1,2
533,2023-01-03 15:00:53.372922+00:00,booked,90.0,1,2
534,2023-01-03 15:50:53.372922+00:00,available,80.0,2,2
535,2023-01-03 16:01:08.284913+00:00,booked,80.0,2,2
536,2023-01-03 16:51:08.284913+00:00,available,70.0,3,2
537,2023-01-03 17:01:01.263679+00:00,booked,70.0,3,2
538,2023-01-03 17:51:01.263679+00:00,available,60.0,0,2
539,2023-01-03 18:00:59.645431+00:00,booked,60.0,0,2
540,2023-01-03 18:50:59.645431+00:00,available,50.0,1,2
541,2023-01-03 20:01:17.952168+00:00,booked,50.0,1,2
542,2023-01-03 20:51:17.952168+00:00,available,40.0,2,2
543,2023-01-03 20:51:17.952168+00:00,charging,90.0,4,2
544,2023-01-03 21:24:37.952168+00:00,available,100.0,4,2
545,2023-01-03 22:01:04.117907+00:00,booked,100.0,4,2
546,2023-01-03 22:51:04.117907+00:00,available,90.0,3,2
547,2023-01-03 23:00:41.754952+00:00,booked,90.0,3,2
548,2023-01-03 23:50:41.754952+00:00,available,80.0,0,2
549,2023-01-04 00:01:11.914872+00:00,booked,80.0,0,2
550,2023-01-04 00:51:11.914872+00:00,available,70.0,1,2
551,2023-01-04 01:01:00.821755+00:00,booked,70.0,1,2
552,2023-01-04 01:51:00.821755+00:00,available,60.0,2,2
553,2023-01-04 02:00:42.882113+00:00,booked,60.0,2,2
554,2023-01-04 02:50:42.882113+00:00,available,50.0,3,2
555,2023-01-04 04:01:33.605404+00:00,booked,50.0,3,2
556,2023-01-04 04:51:33.605404+00:00,available,40.0,0,2
557,2023-01-04 04:51:33.605404+00:00,charging,80.0,4,2
558,2023-01-04 05:24:53.605404+00:00,available,100.0,4,2
559,2023-01-04 06:01:07.606532+00:00,booked,100.0,4,2
560,2023-01-04 06:51:07.606532+00:00,available,90.0,1,2
561,2023-01-04 07:00:36.211326+00:00,booked,90.0,1,2
562,2023-01-04 07:50:36.211326+00:00,available,80.0,2,2
563,2023-01-04 08:00:17.037078+00:00,booked,80.0,2,2
564,2023-01-04 08:50:17.037078+00:00,available,70.0,3,2
565,2023-01-04 09:00:41.209124+00:00,booked,70.0,3,2
566,2023-01-04 09:50:41.209124+00:00,available,60.0,0,2
567,2023-01-04 10:00:47.031004+00:00,booked,60.0,0,2
568,2023-01-04 10:50:47.031004+00:00,available,50.0,1,2
569,2023-01-04 12:00:51.422608+00:00,booked,50.0,1,2
570,2023-01-04 12:50:51.422608+00:00,available,40.0,2,2
571,2023-01-04 12:50:51.422608+00:00,charging,90.0,4,2
572,2023-01-04 13:24:11.422608+00:00,available,100.0,4,2
573,2023-01-04 14:00:40.522801+00:00,booked,100.0,4,2
574,2023-01-04 14:50:40.522801+00:00,available,90.0,3,2
575,2023-01-04 15:01:08.385446+00:00,booked,90.0,3,2
576,2023-01-04 15:51:08.385446+00:00,available,80.0,0,2
577,2023-01-04 16:01:21.924526+00:00,booked,80.0,0,2
578,2023-01-04 16:51:21.924526+00:00,available,70.0,1,2
579,2023-01-04 17:00:53.897186+00:00,booked,70.0,1,2
580,2023-01-04 17:50:53.897186+00:00,available,60.0,2,2
581,2023-01-04 18:01:39.530051+00:00,booked,60.0,2,2
582,2023-01-04 18:51:39.530051+00:00,available,50.0,3,2
583,2023-01-04 20:00:55.072635+00:00,booked,50.0,3,2
584,2023-01-04 20:50:55.072635+00:00,available,40.0,0,2
585,2023-01-04 20:50:55.072635+00:00,charging,80.0,4,2
586,2023-01-04 21:24:15.072635+00:00,available,100.0,4,2
587,2023-01-04 22:01:05.654851+00:00,booked,100.0,4,2
588,2023-01-04 22:51:05.654851+00:00,available,90.0,1,2
589,2023-01-04 23:00:52.642335+00:00,booked,90.0,1,2
590,2023-01-04 23:50:52.642335+00:00,available,80.0,2,2
591,2023-01-05 00:01:56.758228+00:00,booked,80.0,2,2
592,2023-01-05 00:51:56.758228+00:00,available,70.0,3,2
593,2023-01-05 01:01:19.220449+00:00,booked,70.0,3,2
594,2023-01-05 01:51:19.220449+00:00,available,60.0,0,2
595,2023-01-05 02:01:13.498063+00:00,booked,60.0,0,2
596,2023-01-05 02:51:13.498063+00:00,available,50.0,1,2
597,2023-01-05 04:00:54.785818+00:00,booked,50.0,1,2
598,2023-01-05 04:50:54.785818+00:00,available,40.0,2,2
599,2023-01-05 04:50:54.785818+00:00,charging,90.0,4,2
600,2023-01-05 05:24:14.785818+00:00,available,100.0,4,2
601,2023-01-05 06:01:25.505007+00:00,booked,100.0,4,2
602,2023-01-05 06:51:25.505007+00:00,available,90.0,3,2
603,2023-01-05 07:01:17.816472+00:00,booked,90.0,3,2
604,2023-01-05 07:51:17.816472+00:00,available,80.0,0,2
605,2023-01-05 08:01:25.640451+00:00,booked,80.0,0,2
606,2023-01-05 08:51:25.640451+00:00,available,70.0,1,2
607,2023-01-05 09:00:48.082108+00:00,booked,70.0,1,2
608,2023-01-05 09:50:48.082108+00:00,available,60.0,2,2
609,2023-01-05 10:00:22.178702+00:00,booked,60.0,2,2
610,2023-01-05 10:50:22.178702+00:00,available,50.0,3,2
611,2023-01-05 12:01:23.026630+00:00,booked,50.0,3,2
612,2023-01-05 12:51:23.026630+00:00,available,40.0,0,2
613,2023-01-05 12:51:23.026630+00:00,charging,80.0,4,2
614,2023-01-05 13:24:43.026630+00:00,available,100.0,4,2
615,2023-01-05 14:00:57.104208+00:00,booked,100.0,4,2
616,2023-01-05 14:50:57.104208+00:00,available,90.0,1,2
617,2023-01-05 15:00:13.020278+00:00,booked,90.0,1,2
618,2023-01-05 15:50:13.020278+00:00,available,80.0,2,2
619,2023-01-05 16:01:28.037616+00:00,booked,80.0,2,2
620,2023-01-05 16:51:28.037616+00:00,available,70.0,3,2
621,2023-01-05 17:01:34.957696+00:00,booked,70.0,3,2
622,2023-01-05 17:51:34.957696+00:00,available,60.0,0,2
623,2023-01-05 18:00:37.060302+00:00,booked,60.0,0,2
624,2023-01-05 18:50:37.060302+00:00,available,50.0,1,2
625,2023-01-05 20:00:58.255927+00:00,booked,50.0,1,2
626,2023-01-05 20:50:58.255927+00:00,available,40.0,2,2
627,2023-01-05 20:50:58.255927+00:00,charging,90.0,4,2
628,2023-01-05 21:24:18.255927+00:00,available,100.0,4,2
629,2023-01-05 22:00:46.051794+00:00,booked,100.0,4,2
630,2023-01-05 22:50:46.051794+00:00,available,90.0,3,2
631,2023-01-05 23:00:22.387283+00:00,booked,90.0,3,2
632,2023-01-05 23:50:22.387283+00:00,available,80.0,0,2
633,2023-01-01 00:00:00+00:00,available,68.0,3,3
634,2023-01-01 00:00:31.084242+00:00,booked,68.0,3,3
635,2023-01-01 00:50:31.084242+00:00,available,58.0,0,3
636,2023-01-01 01:01:34.616111+00:00,booked,58.0,0,3
637,2023-01-01 01:51:34.616111+00:00,available,48.0,1,3
638,2023-01-01 01:51:34.616111+00:00,charging,85.0,4,3
639,2023-01-01 02:24:54.616111+00:00,available,100.0,4,3
640,2023-01-01 03:01:10.680052+00:00,booked,100.0,4,3
641,2023-01-01 03:51:10.680052+00:00,available,90.0,2,3
642,2023-01-01 04:00:50.906267+00:00,booked,90.0,2,3
643,2023-01-01 04:50:50.906267+00:00,available,80.0,3,3
644,2023-01-01 05:00:10.375335+00:00,booked,80.0,3,3
645,2023-01-01 05:50:10.375335+00:00,available,70.0,0,3
646,2023-01-01 06:01:05.308197+00:00,booked,70.0,0,3
647,2023-01-01 06:51:05.308197+00:00,available,60.0,1,3
648,2023-01-01 08:01:12.939294+00:00,booked,60.0,1,3
649,2023-01-01 08:51:12.939294+00:00,available,50.0,2,3
650,2023-01-01 09:01:05.957986+00:00,booked,50.0,2,3
651,2023-01-01 09:51:05.957986+00:00,available,40.0,3,3
652,2023-01-01 09:51:05.957986+00:00,charging,95.0,4,3
653,2023-01-01 10:24:25.957986+00:00,available,100.0,4,3
654,2023-01-01 11:00:16.697256+00:00,booked,100.0,4,3
655,2023-01-01 11:50:16.697256+00:00,available,90.0,0,3
656,2023-01-01 12:00:21.543929+00:00,booked,90.0,0,3
657,2023-01-01 12:50:21.543929+00:00,available,80.0,1,3
658,2023-01-01 13:01:15.802006+00:00,booked,80.0,1,3
659,2023-01-01 13:51:15.802006+00:00,available,70.0,2,3
660,2023-01-01 14:01:03.355578+00:00,booked,70.0,2,3
661,2023-01-01 14:51:03.355578+00:00,available,60.0,3,3
662,2023-01-01 16:01:39.976533+00:00,booked,60.0,3,3
663,2023-01-01 16:51:39.976533+00:00,available,50.0,0,3
664,2023-01-01 17:01:21.537986+00:00,booked,50.0,0,3
665,2023-01-01 17:51:21.537986+00:00,available,40.0,1,3
666,2023-01-01 17:51:21.537986+00:00,charging,85.0,4,3
667,2023-01-01 18:24:41.537986+00:00,available,100.0,4,3
668,2023-01-01 19:00:56.397634+00:00,booked,100.0,4,3
669,2023-01-01 19:50:56.397634+00:00,available,90.0,2,3
670,2023-01-01 20:01:06.973196+00:00,booked,90.0,2,3
671,2023-01-01 20:51:06.973196+00:00,available,80.0,3,3
672,2023-01-01 21:00:21.537259+00:00,booked,80.0,3,3
673,2023-01-01 21:50:21.537259+00:00,available,70.0,0,3
674,2023-01-01 22:01:08.241384+00:00,booked,70.0,0,3
675,2023-01-01 22:51:08.241384+00:00,available,60.0,1,3
676,2023-01-02 00:01:27.638769+00:00,booked,60.0,1,3
677,2023-01-02 00:51:27.638769+00:00,available,50.0,2,3
678,2023-01-02 01:01:14.519432+00:00,booked,50.0,2,3
679,2023-01-02 01:51:14.519432+00:00,available,40.0,3,3
680,2023-01-02 01:51:14.519432+00:00,charging,95.0,4,3
681,2023-01-02 02:24:34.519432+00:00,available,100.0,4,3
682,2023-01-02 03:01:12.106071+00:00,booked,100.0,4,3
683,2023-01-02 03:51:12.106071+00:00,available,90.0,0,3
684,2023-01-02 04:00:37.041538+00:00,booked,90.0,0,3
685,2023-01-02 04:50:37.041538+00:00,available,80.0,1,3
686,2023-01-02 05:00:44.473045+00:00,booked,80.0,1,3
687,2023-01-02 05:50:44.473045+00:00,available,70.0,2,3
688,2023-01-02 06:01:12.877998+00:00,booked,70.0,2,3
689,2023-01-02 06:51:12.877998+00:00,available,60.0,3,3
690,2023-01-02 08:01:32.079255+00:00,booked,60.0,3,3
691,2023-01-02 08:51:32.079255+00:00,available,50.0,0,3
692,2023-01-02 09:01:19.624960+00:00,booked,50.0,0,3
693,2023-01-02 09:51:19.624960+00:00,available,40.0,1,3
694,2023-01-02 09:51:19.624960+00:00,charging,85.0,4,3
695,2023-01-02 10:24:39.624960+00:00,available,100.0,4,3
696,2023-01-02 11:01:30.504318+00:00,booked,100.0,4,3
697,2023-01-02 11:51:30.504318+00:00,available,90.0,2,3
698,2023-01-02 12:01:04.836092+00:00,booked,90.0,2,3
699,2023-01-02 12:51:04.836092+00:00,available,80.0,3,3
700,2023-01-02 13:00:44.431311+00:00,booked,80.0,3,3
701,2023-01-02 13:50:44.431311+00:00,available,70.0,0,3
702,2023-01-02 14:01:04.681021+00:00,booked,70.0,0,3
703,2023-01-02 14:51:04.681021+00:00,available,60.0,1,3
704,2023-01-02 16:01:49.024711+00:00,booked,60.0,1,3
705,2023-01-02 16:51:49.024711+00:00,available,50.0,2,3
706,2023-01-02 17:01:47.242594+00:00,booked,50.0,2,3
707,2023-01-02 17:51:47.242594+00:00,available,40.0,3,3
708,2023-01-02 17:51:47.242594+00:00,charging,95.0,4,3
709,2023-01-02 18:25:07.242594+00:00,available,100.0,4,3
710,2023-01-02 19:00:37.346151+00:00,booked,100.0,4,3
711,2023-01-02 19:50:37.346151+00:00,available,90.0,0,3
712,2023-01-02 20:01:46.806613+00:00,booked,90.0,0,3
713,2023-01-02 20:51:46.806613+00:00,available,80.0,1,3
714,2023-01-02 21:00:49.122760+00:00,booked,80.0,1,3
715,2023-01-02 21:50:49.122760+00:00,available,70.0,2,3
716,2023-01-02 22:01:20.526009+00:00,booked,70.0,2,3
717,2023-01-02 22:51:20.526009+00:00,available,60.0,3,3
718,2023-01-03 00:00:49.399361+00:00,booked,60.0,3,3
719,2023-01-03 00:50:49.399361+00:00,available,50.0,0,3
720,2023-01-03 01:00:36.796484+00:00,booked,50.0,0,3
721,2023-01-03 01:50:36.796484+00:00,available,40.0,1,3
722,2023-01-03 01:50:36.796484+00:00,charging,85.0,4,3
723,2023-01-03 02:23:56.796484+00:00,available,100.0,4,3
724,2023-01-03 03:01:19.744117+00:00,booked,100.0,4,3
725,2023-01-03 03:51:19.744117+00:00,available,90.0,2,3
726,2023-01-03 04:01:20.405346+00:00,booked,90.0,2,3
727,2023-01-03 04:51:20.405346+00:00,available,80.0,3,3
728,2023-01-03 05:00:34.164800+00:00,booked,80.0,3,3
729,2023-01-03 05:50:34.164800+00:00,available,70.0,0,3
730,2023-01-03 06:00:32.143836+00:00,booked,70.0,0,3
731,2023-01-03 06:50:32.143836+00:00,available,60.0,1,3
732,2023-01-03 08:01:35.838361+00:00,booked,60.0,1,3
733,2023-01-03 08:51:35.838361+00:00,available,50.0,2,3
734,2023-01-03 09:01:26.577302+00:00,booked,50.0,2,3
735,2023-01-03 09:51:26.577302+00:00,available,40.0,3,3
736,2023-01-03 09:51:26.577302+00:00,charging,95.0,4,3
737,2023-01-03 10:24:46.577302+00:00,available,100.0,4,3
738,2023-01-03 11:01:15.150238+00:00,booked,100.0,4,3
739,2023-01-03 11:51:15.150238+00:00,available,90.0,0,3
740,2023-01-03 12:01:05.346422+00:00,booked,90.0,0,3
741,2023-01-03 12:51:05.346422+00:00,available,80.0,1,3
742,2023-01-03 13:00:30.603568+00:00,booked,80.0,1,3
743,2023-01-03 13:50:30.603568+00:00,available,70.0,2,3
744,2023-01-03 14:00:57.783569+00:00,booked,70.0,2,3
745,2023-01-03 14:50:57.783569+00:00,available,60.0,3,3
746,2023-01-03 16:00:20.404937+00:00,booked,60.0,3,3
747,2023-01-03 16:50:20.404937+00:00,available,50.0,0,3
748,2023-01-03 17:00:17.109955+00:00,booked,50.0,0,3
749,2023-01-03 17:50:17.109955+00:00,available,40.0,1,3
750,2023-01-03 17:50:17.109955+00:00,charging,85.0,4,3
751,2023-01-03 18:23:37.109955+00:00,available,100.0,4,3
752,2023-01-03 19:01:08.292841+00:00,booked,100.0,4,3
753,2023-01-03 19:51:08.292841+00:00,available,90.0,2,3
754,2023-01-03 20:01:24.299626+00:00,booked,90.0,2,3
755,2023-01-03 20:51:24.299626+00:00,available,80.0,3,3
756,2023-01-03 21:00:42.144591+00:00,booked,80.0,3,3
757,2023-01-03 21:50:42.144591+00:00,available,70.0,0,3
758,2023-01-03 22:00:40.172327+00:00,booked,70.0,0,3
759,2023-01-03 22:50:40.172327+00:00,available,60.0,1,3
760,2023-01-04 00:00:54.592088+00:00,booked,60.0,1,3
761,2023-01-04 00:50:54.592088+00:00,available,50.0,2,3
762,2023-01-04 01:00:30.549163+00:00,booked,50.0,2,3
763,2023-01-04 01:50:30.549163+00:00,available,40.0,3,3
764,2023-01-04 01:50:30.549163+00:00,charging,95.0,4,3
765,2023-01-04 02:23:50.549163+00:00,available,100.0,4,3
766,2023-01-04 03:01:36.611962+00:00,booked,100.0,4,3
767,2023-01-04 03:51:36.611962+00:00,available,90.0,0,3
768,2023-01-04 04:01:17.030682+00:00,booked,90.0,0,3
769,2023-01-04 04:51:17.030682+00:00,available,80.0,1,3
770,2023-01-04 05:01:07.950019+00:00,booked,80.0,1,3
771,2023-01-04 05:51:07.950019+00:00,available,70.0,2,3
772,2023-01-04 06:01:11.947719+00:00,booked,70.0,2,3
773,2023-01-04 06:51:11.947719+00:00,available,60.0,3,3
774,2023-01-04 08:01:06.108226+00:00,booked,60.0,3,3
775,2023-01-04 08:51:06.108226+00:00,available,50.0,0,3
776,2023-01-04 09:00:30.354202+00:00,booked,50.0,0,3
777,2023-01-04 09:50:30.354202+00:00,available,40.0,1,3
778,2023-01-04 09:50:30.354202+00:00,charging,85.0,4,3
779,2023-01-04 10:23:50.354202+00:00,available,100.0,4,3
780,2023-01-04 11:01:16.781470+00:00,booked,100.0,4,3
781,2023-01-04 11:51:16.781470+00:00,available,90.0,2,3
782,2023-01-04 12:00:59.305100+00:00,booked,90.0,2,3
783,2023-01-04 12:50:59.305100+00:00,available,80.0,3,3
784,2023-01-04 13:00:47.386099+00:00,booked,80.0,3,3
785,2023-01-04 13:50:47.386099+00:00,available,70.0,0,3
786,2023-01-04 14:00:05.445232+00:00,booked,70.0,0,3
787,2023-01-04 14:50:05.445232+00:00,available,60.0,1,3
788,2023-01-04 16:00:47.716343+00:00,booked,60.0,1,3
789,2023-01-04 16:50:47.716343+00:00,available,50.0,2,3
790,2023-01-04 17:00:26.418514+00:00,booked,50.0,2,3
791,2023-01-04 17:50:26.418514+00:00,available,40.0,3,3
792,2023-01-04 17:50:26.418514+00:00,charging,95.0,4,3
793,2023-01-04 18:23:46.418514+00:00,available,100.0,4,3
794,2023-01-04 19:00:43.427807+00:00,booked,100.0,4,3
795,2023-01-04 19:50:43.427807+00:00,available,90.0,0,3
796,2023-01-04 20:01:04.582694+00:00,booked,90.0,0,3
797,2023-01-04 20:51:04.582694+00:00,available,80.0,1,3
798,2023-01-04 21:01:03.371127+00:00,booked,80.0,1,3
799,2023-01-04 21:51:03.371127+00:00,available,70.0,2,3
800,2023-01-04 22:00:55.020045+00:00,booked,70.0,2,3
801,2023-01-04 22:50:55.020045+00:00,available,60.0,3,3
802,2023-01-05 00:01:22.292893+00:00,booked,60.0,3,3
803,2023-01-05 00:51:22.292893+00:00,available,50.0,0,3
804,2023-01-05 01:01:01.447657+00:00,booked,50.0,0,3
805,2023-01-05 01:51:01.447657+00:00,available,40.0,1,3
806,2023-01-05 01:51:01.447657+00:00,charging,85.0,4,3
807,2023-01-05 02:24:21.447657+00:00,available,100.0,4,3
808,2023-01-05 03:00:57.087876+00:00,booked,100.0,4,3
809,2023-01-05 03:50:57.087876+00:00,available,90.0,2,3
810,2023-01-05 04:01:00.984509+00:00,booked,90.0,2,3
811,2023-01-05 04:51:00.984509+00:00,available,80.0,3,3
812,2023-01-05 05:00:46.104511+00:00,booked,80.0,3,3
813,2023-01-05 05:50:46.104511+00:00,available,70.0,0,3
814,2023-01-05 06:01:50.398035+00:00,booked,70.0,0,3
815,2023-01-05 06:51:50.398035+00:00,available,60.0,1,3
816,2023-01-05 08:01:00.156645+00:00,booked,60.0,1,3
817,2023-01-05 08:51:00.156645+00:00,available,50.0,2,3
818,2023-01-05 09:01:11.544631+00:00,booked,50.0,2,3
819,2023-01-05 09:51:11.544631+00:00,available,40.0,3,3
820,2023-01-05 09:51:11.544631+00:00,charging,95.0,4,3
821,2023-01-05 10:24:31.544631+00:00,available,100.0,4,3
822,2023-01-05 11:01:05.477146+00:00,booked,100.0,4,3
823,2023-01-05 11:51:05.477146+00:00,available,90.0,0,3
824,2023-01-05 12:00:26.445282+00:00,booked,90.0,0,3
825,2023-01-05 12:50:26.445282+00:00,available,80.0,1,3
826,2023-01-05 13:00:59.775744+00:00,booked,80.0,1,3
827,2023-01-05 13:50:59.775744+00:00,available,70.0,2,3
828,2023-01-05 14:01:01.082160+00:00,booked,70.0,2,3
829,2023-01-05 14:51:01.082160+00:00,available,60.0,3,3
830,2023-01-05 16:01:39.943972+00:00,booked,60.0,3,3
831,2023-01-05 16:51:39.943972+00:00,available,50.0,0,3
832,2023-01-05 17:01:07.057182+00:00,booked,50.0,0,3
833,2023-01-05 17:51:07.057182+00:00,available,40.0,1,3
834,2023-01-05 17:51:07.057182+00:00,charging,85.0,4,3
835,2023-01-05 18:24:27.057182+00:00,available,100.0,4,3
836,2023-01-05 19:00:41.080902+00:00,booked,100.0,4,3
837,2023-01-05 19:50:41.080902+00:00,available,90.0,2,3
838,2023-01-05 20:01:04.469654+00:00,booked,90.0,2,3
839,2023-01-05 20:51:04.469654+00:00,available,80.0,3,3
840,2023-01-05 21:00:25.598673+00:00,booked,80.0,3,3
841,2023-01-05 21:50:25.598673+00:00,available,70.0,0,3
842,2023-01-05 22:01:11.208428+00:00,booked,70.0,0,3
843,2023-01-05 22:51:11.208428+00:00,available,60.0,1,3
